CUST_ID,NAME,EMAIL,USERNAME,PASSWORD,REGISTERED_SINCE
CUST000001,Gayathri Mitter,gayathri.mitter@yahoo.in,gayathri001,Pay@7259,2026-06-10T06:36:32
CUST000002,Laksh Shanker,laksh.shanker@gmail.com,laksh002,Pay@2219,2025-04-13T03:49:06
CUST000003,Ekaraj Sahota,ekaraj.sahota@gmail.com,ekaraj003,Pay@6581,2024-11-15T01:24:52
CUST000004,Sathvik Gara,sathvik.gara@gmail.com,sathvik004,Pay@2742,2024-07-30T02:14:20
CUST000005,Zinal Sem,zinal.sem@gmail.com,zinal005,Pay@1847,2025-09-05T05:27:03
CUST000006,Jairaj Iyer,jairaj.iyer@gmail.com,jairaj006,Pay@6874,2026-05-08T01:42:16
CUST000007,Aashi Kadakia,aashi.kadakia@gmail.com,aashi007,Pay@5475,2025-03-03T21:10:36
CUST000008,Qarin Sant,qarin.sant@yahoo.in,qarin008,Pay@9183,2024-09-25T21:54:19
CUST000009,Vamakshi Rajan,vamakshi.rajan@yahoo.in,vamakshi009,Pay@1101,2025-07-20T14:38:01
CUST000010,Henry Mitra,henry.mitra@yahoo.in,henry010,Pay@5649,2024-10-29T21:25:19
CUST000011,Waida Garg,waida.garg@gmail.com,waida011,Pay@2375,2025-10-14T09:26:37
CUST000012,Udant Rajan,udant.rajan@yahoo.in,udant012,Pay@4231,2025-09-19T16:04:00
CUST000013,Mekhala Ahluwalia,mekhala.ahluwalia@gmail.com,mekhala013,Pay@2900,2024-12-07T06:52:59
CUST000014,Falak Banerjee,falak.banerjee@gmail.com,falak014,Pay@4295,2025-11-29T20:47:20
CUST000015,Aishani Behl,aishani.behl@gmail.com,aishani015,Pay@9243,2025-06-26T23:15:48
CUST000016,Vasatika Chaudhari,vasatika.chaudhari@gmail.com,vasatika016,Pay@2033,2025-10-03T11:11:56
CUST000017,Chandran Tak,chandran.tak@yahoo.in,chandran017,Pay@6011,2025-08-29T05:52:23
CUST000018,Luke Anne,luke.anne@gmail.com,luke018,Pay@1738,2025-04-06T17:20:45
CUST000019,Advay Mital,advay.mital@gmail.com,advay019,Pay@3095,2025-03-20T11:38:47
CUST000020,Hemang Krish,hemang.krish@gmail.com,hemang020,Pay@2922,2024-07-31T02:44:16
CUST000021,Michael Bajaj,michael.bajaj@gmail.com,michael021,Pay@8645,2025-12-26T12:07:55
CUST000022,Anamika Sane,anamika.sane@gmail.com,anamika022,Pay@2005,2024-12-24T08:29:42
CUST000023,Bhavani Dani,bhavani.dani@gmail.com,bhavani023,Pay@5363,2025-07-21T07:45:51
CUST000024,Dalbir Date,dalbir.date@yahoo.in,dalbir024,Pay@6275,2026-01-22T18:12:36
CUST000025,Lucky Vala,lucky.vala@gmail.com,lucky025,Pay@2684,2025-02-12T01:10:23
CUST000026,Anamika Sha,anamika.sha@yahoo.in,anamika026,Pay@7121,2025-12-19T12:13:46
CUST000027,Chanakya Kara,chanakya.kara@gmail.com,chanakya027,Pay@5234,2025-04-27T04:16:59
CUST000028,Dalbir Shan,dalbir.shan@yahoo.in,dalbir028,Pay@4893,2025-09-02T15:26:48
CUST000029,Jason Raghavan,jason.raghavan@gmail.com,jason029,Pay@2235,2026-03-15T18:33:24
CUST000030,Samesh Wagle,samesh.wagle@yahoo.in,samesh030,Pay@1342,2026-03-10T07:29:14
CUST000031,Vinaya Chakrabarti,vinaya.chakrabarti@gmail.com,vinaya031,Pay@7091,2025-05-26T06:26:30
CUST000032,Bhavani Banik,bhavani.banik@yahoo.in,bhavani032,Pay@7138,2024-12-14T23:25:21
CUST000033,Faraj Char,faraj.char@gmail.com,faraj033,Pay@1806,2025-01-28T14:32:17
CUST000034,Krisha Dugal,krisha.dugal@yahoo.in,krisha034,Pay@2052,2025-01-16T04:35:41
CUST000035,Neel Bala,neel.bala@gmail.com,neel035,Pay@1898,2025-11-26T10:18:47
CUST000036,Aarini Subramanian,aarini.subramanian@gmail.com,aarini036,Pay@4667,2025-12-30T06:35:40
CUST000037,Vasudha Amble,vasudha.amble@gmail.com,vasudha037,Pay@7382,2025-05-10T02:34:41
CUST000038,Akshay Sachdeva,akshay.sachdeva@gmail.com,akshay038,Pay@1971,2026-04-12T00:13:47
CUST000039,Xavier Barman,xavier.barman@yahoo.in,xavier039,Pay@7274,2025-12-17T09:24:53
CUST000040,Pallavi Tripathi,pallavi.tripathi@gmail.com,pallavi040,Pay@1444,2026-06-01T15:44:54
CUST000041,Krishna Bhalla,krishna.bhalla@gmail.com,krishna041,Pay@4818,2026-01-09T21:12:54
CUST000042,Warjas Ramakrishnan,warjas.ramakrishnan@gmail.com,warjas042,Pay@2158,2024-12-12T09:51:51
CUST000043,Rajeshri Guha,rajeshri.guha@yahoo.in,rajeshri043,Pay@3775,2026-05-22T19:06:57
CUST000044,Yoshita Chaudry,yoshita.chaudry@yahoo.in,yoshita044,Pay@7855,2025-10-02T05:27:22
CUST000045,Wahab Sheth,wahab.sheth@gmail.com,wahab045,Pay@6244,2025-05-18T12:06:42
CUST000046,Adya Sen,adya.sen@gmail.com,adya046,Pay@2211,2025-01-06T00:17:47
CUST000047,Saumya Sant,saumya.sant@gmail.com,saumya047,Pay@4207,2024-11-07T01:37:33
CUST000048,Oviya Bhatti,oviya.bhatti@yahoo.in,oviya048,Pay@6370,2025-03-18T00:23:09
CUST000049,Pallavi Chaudhuri,pallavi.chaudhuri@gmail.com,pallavi049,Pay@5317,2026-02-24T00:57:09
CUST000050,Wazir Toor,wazir.toor@yahoo.in,wazir050,Pay@7910,2026-02-23T03:49:18
CUST000051,Hardik Ramanathan,hardik.ramanathan@yahoo.in,hardik051,Pay@4355,2025-07-05T13:26:42
CUST000052,Samarth Dash,samarth.dash@yahoo.in,samarth052,Pay@3060,2024-10-30T16:09:21
CUST000053,Vanya Shere,vanya.shere@yahoo.in,vanya053,Pay@7183,2025-01-17T01:35:38
CUST000054,Yashodhara Bedi,yashodhara.bedi@yahoo.in,yashodhara054,Pay@2832,2025-12-12T17:47:02
CUST000055,Harrison Wadhwa,harrison.wadhwa@gmail.com,harrison055,Pay@3985,2026-05-22T22:36:34
CUST000056,Zayan Gupta,zayan.gupta@yahoo.in,zayan056,Pay@4416,2025-04-25T21:43:57
CUST000057,Banjeet Kala,banjeet.kala@yahoo.in,banjeet057,Pay@2799,2026-04-15T06:53:19
CUST000058,Mekhala Varty,mekhala.varty@yahoo.in,mekhala058,Pay@4726,2024-09-14T11:39:28
CUST000059,Vasudha Gade,vasudha.gade@gmail.com,vasudha059,Pay@4232,2025-05-14T18:20:55
CUST000060,Wakeeta Gokhale,wakeeta.gokhale@gmail.com,wakeeta060,Pay@3047,2025-11-10T16:22:46
CUST000061,Vinaya Majumdar,vinaya.majumdar@gmail.com,vinaya061,Pay@3303,2025-08-22T08:57:50
CUST000062,Oliver Ratta,oliver.ratta@gmail.com,oliver062,Pay@9720,2024-10-16T14:10:25
CUST000063,Saksham Mahajan,saksham.mahajan@gmail.com,saksham063,Pay@8599,2025-03-08T08:11:05
CUST000064,Girik Bora,girik.bora@yahoo.in,girik064,Pay@1107,2026-02-27T13:57:57
CUST000065,Tanmayi Varghese,tanmayi.varghese@yahoo.in,tanmayi065,Pay@5756,2025-10-14T22:09:52
CUST000066,Devansh Mandal,devansh.mandal@gmail.com,devansh066,Pay@6892,2024-08-09T05:34:19
CUST000067,Nikita Jani,nikita.jani@yahoo.in,nikita067,Pay@2976,2024-08-19T05:30:45
CUST000068,Anirudh Chhabra,anirudh.chhabra@gmail.com,anirudh068,Pay@6133,2025-08-18T21:27:49
CUST000069,Shivansh Varughese,shivansh.varughese@yahoo.in,shivansh069,Pay@2497,2025-11-09T15:00:59
CUST000070,Caleb Vala,caleb.vala@yahoo.in,caleb070,Pay@6190,2025-12-14T01:56:35
CUST000071,Joshua Mutti,joshua.mutti@gmail.com,joshua071,Pay@3361,2025-09-01T19:43:56
CUST000072,Jagrati Jha,jagrati.jha@yahoo.in,jagrati072,Pay@1158,2024-11-23T03:02:20
CUST000073,Bimala Palan,bimala.palan@gmail.com,bimala073,Pay@7912,2025-10-04T19:35:16
CUST000074,Charvi Dutt,charvi.dutt@yahoo.in,charvi074,Pay@7738,2024-11-11T15:07:06
CUST000075,Wahab Minhas,wahab.minhas@yahoo.in,wahab075,Pay@2091,2025-11-25T08:59:08
CUST000076,Hiral Agrawal,hiral.agrawal@yahoo.in,hiral076,Pay@2260,2025-12-27T02:13:16
CUST000077,Oviya Balasubramanian,oviya.balasubramanian@gmail.com,oviya077,Pay@4118,2025-04-15T15:55:25
CUST000078,Eta Zachariah,eta.zachariah@gmail.com,eta078,Pay@4599,2025-03-19T05:05:47
CUST000079,Onveer Shah,onveer.shah@gmail.com,onveer079,Pay@9939,2025-08-16T07:33:26
CUST000080,Yahvi Maharaj,yahvi.maharaj@yahoo.in,yahvi080,Pay@3099,2024-10-03T10:29:40
CUST000081,Zayan Munshi,zayan.munshi@gmail.com,zayan081,Pay@6202,2026-04-15T03:44:52
CUST000082,Udant Shere,udant.shere@gmail.com,udant082,Pay@1303,2025-01-26T11:39:21
CUST000083,Kavya Garde,kavya.garde@gmail.com,kavya083,Pay@3672,2025-10-05T19:46:19
CUST000084,Dayita Date,dayita.date@yahoo.in,dayita084,Pay@4812,2026-01-20T07:49:07
CUST000085,Teerth Munshi,teerth.munshi@gmail.com,teerth085,Pay@2154,2026-04-09T20:20:27
CUST000086,Pahal Toor,pahal.toor@yahoo.in,pahal086,Pay@9264,2025-07-21T13:25:17
CUST000087,Vritti Verma,vritti.verma@gmail.com,vritti087,Pay@6992,2024-10-07T08:55:09
CUST000088,Omaja Karan,omaja.karan@gmail.com,omaja088,Pay@6462,2025-08-21T03:24:15
CUST000089,Mohini Pau,mohini.pau@gmail.com,mohini089,Pay@3401,2025-07-25T02:28:47
CUST000090,Tanish Gokhale,tanish.gokhale@yahoo.in,tanish090,Pay@8124,2025-11-26T06:55:17
CUST000091,Om Saha,om.saha@yahoo.in,om091,Pay@1169,2025-04-08T14:55:04
CUST000092,Sanaya Gaba,sanaya.gaba@gmail.com,sanaya092,Pay@1102,2026-03-31T05:14:36
CUST000093,Reva Gala,reva.gala@yahoo.in,reva093,Pay@2626,2025-10-11T23:43:59
CUST000094,Charan Dewan,charan.dewan@gmail.com,charan094,Pay@1385,2025-07-07T15:29:30
CUST000095,Yug Muni,yug.muni@gmail.com,yug095,Pay@5778,2026-02-27T18:09:41
CUST000096,Christopher Srinivas,christopher.srinivas@gmail.com,christopher096,Pay@8956,2024-11-03T18:07:16
CUST000097,Noah Desai,noah.desai@gmail.com,noah097,Pay@4805,2026-02-07T21:12:26
CUST000098,Chavvi Subramaniam,chavvi.subramaniam@gmail.com,chavvi098,Pay@1874,2025-08-30T13:34:47
CUST000099,Tripti Panchal,tripti.panchal@yahoo.in,tripti099,Pay@5939,2025-03-03T14:18:29
CUST000100,Darika Date,darika.date@yahoo.in,darika100,Pay@5757,2026-05-21T19:33:06
CUST000101,Shivani Pradhan,shivani.pradhan@yahoo.in,shivani101,Pay@8869,2024-10-25T23:57:36
CUST000102,Sneha Sani,sneha.sani@yahoo.in,sneha102,Pay@6825,2025-11-26T23:25:38
CUST000103,Bhavika Dhaliwal,bhavika.dhaliwal@yahoo.in,bhavika103,Pay@3953,2024-10-07T19:10:30
CUST000104,Tanvi Dua,tanvi.dua@yahoo.in,tanvi104,Pay@5710,2024-12-14T19:25:40
CUST000105,Anay Date,anay.date@gmail.com,anay105,Pay@6894,2025-09-19T23:58:15
CUST000106,Hiral Pandya,hiral.pandya@yahoo.in,hiral106,Pay@2498,2026-04-13T00:06:11
CUST000107,David Babu,david.babu@gmail.com,david107,Pay@3707,2024-10-30T02:25:47
CUST000108,Megha Cherian,megha.cherian@gmail.com,megha108,Pay@4459,2024-08-26T11:40:54
CUST000109,Abhiram Dass,abhiram.dass@gmail.com,abhiram109,Pay@3619,2025-05-24T23:20:41
CUST000110,Vrinda Bir,vrinda.bir@yahoo.in,vrinda110,Pay@4009,2024-11-26T15:46:52
CUST000111,Shaurya Bhasin,shaurya.bhasin@gmail.com,shaurya111,Pay@2219,2025-08-05T14:39:50
CUST000112,Bishakha Walia,bishakha.walia@gmail.com,bishakha112,Pay@9268,2026-06-08T23:40:33
CUST000113,Vrinda Sagar,vrinda.sagar@yahoo.in,vrinda113,Pay@5496,2026-06-04T11:15:58
CUST000114,Urvi Nair,urvi.nair@yahoo.in,urvi114,Pay@8571,2026-04-21T03:23:52
CUST000115,Veer Parmar,veer.parmar@yahoo.in,veer115,Pay@8273,2025-04-05T07:49:30
CUST000116,Vivaan Kanda,vivaan.kanda@yahoo.in,vivaan116,Pay@4505,2025-02-09T15:39:38
CUST000117,Priya Murthy,priya.murthy@gmail.com,priya117,Pay@2557,2024-10-20T15:46:41
CUST000118,Bhavani Narayan,bhavani.narayan@gmail.com,bhavani118,Pay@9598,2025-03-01T23:52:41
CUST000119,Meera Ramachandran,meera.ramachandran@gmail.com,meera119,Pay@7434,2026-06-17T05:10:10
CUST000120,Keya Chawla,keya.chawla@yahoo.in,keya120,Pay@7993,2025-05-20T07:31:50
CUST000121,Mekhala Gulati,mekhala.gulati@gmail.com,mekhala121,Pay@6111,2026-04-02T06:15:26
CUST000122,Wishi Gera,wishi.gera@gmail.com,wishi122,Pay@4021,2026-04-30T16:19:36
CUST000123,Gaurangi Pillai,gaurangi.pillai@yahoo.in,gaurangi123,Pay@2899,2026-02-27T22:40:25
CUST000124,Girish Shetty,girish.shetty@gmail.com,girish124,Pay@9887,2024-08-19T21:00:36
CUST000125,Gautami Dora,gautami.dora@gmail.com,gautami125,Pay@5719,2026-04-18T04:05:25
CUST000126,Priya Shah,priya.shah@gmail.com,priya126,Pay@6663,2024-12-03T23:38:10
CUST000127,Nisha Nadig,nisha.nadig@yahoo.in,nisha127,Pay@5697,2026-05-27T15:59:45
CUST000128,Girish Loyal,girish.loyal@yahoo.in,girish128,Pay@3771,2024-12-08T12:39:30
CUST000129,Fitan Gera,fitan.gera@yahoo.in,fitan129,Pay@5795,2026-03-06T22:18:07
CUST000130,Hitesh Basak,hitesh.basak@yahoo.in,hitesh130,Pay@9855,2024-10-06T19:48:52
CUST000131,Nidhi Viswanathan,nidhi.viswanathan@gmail.com,nidhi131,Pay@9956,2025-06-16T10:03:04
CUST000132,Girik Sengupta,girik.sengupta@yahoo.in,girik132,Pay@8467,2024-12-18T09:06:05
CUST000133,Eiravati Gaba,eiravati.gaba@yahoo.in,eiravati133,Pay@8934,2025-10-16T14:02:18
CUST000134,Manan Ganesh,manan.ganesh@yahoo.in,manan134,Pay@3262,2025-05-19T10:45:55
CUST000135,Zehaan Patla,zehaan.patla@yahoo.in,zehaan135,Pay@9442,2025-10-01T03:29:16
CUST000136,Aarna Hegde,aarna.hegde@gmail.com,aarna136,Pay@1139,2024-09-02T19:54:39
CUST000137,Ekansh Goswami,ekansh.goswami@yahoo.in,ekansh137,Pay@2187,2025-09-12T08:15:28
CUST000138,Eesha Ram,eesha.ram@yahoo.in,eesha138,Pay@4516,2025-05-15T22:38:52
CUST000139,Jatin Khare,jatin.khare@yahoo.in,jatin139,Pay@3796,2025-01-13T22:38:30
CUST000140,Yashoda Dutta,yashoda.dutta@yahoo.in,yashoda140,Pay@2477,2025-06-20T09:32:30
CUST000141,Jacob Patla,jacob.patla@yahoo.in,jacob141,Pay@9832,2024-09-10T11:03:19
CUST000142,Widisha Rama,widisha.rama@gmail.com,widisha142,Pay@4169,2025-12-29T08:24:40
CUST000143,Rachit Bahl,rachit.bahl@yahoo.in,rachit143,Pay@2517,2025-12-04T06:27:48
CUST000144,Sneha Karnik,sneha.karnik@gmail.com,sneha144,Pay@8457,2025-11-11T10:05:10
CUST000145,Zayyan Lall,zayyan.lall@yahoo.in,zayyan145,Pay@7674,2024-07-04T07:13:13
CUST000146,Eiravati Din,eiravati.din@gmail.com,eiravati146,Pay@7179,2026-01-22T03:43:20
CUST000147,Farhan Chawla,farhan.chawla@yahoo.in,farhan147,Pay@2009,2025-03-22T13:42:50
CUST000148,Pratyush Bains,pratyush.bains@gmail.com,pratyush148,Pay@3680,2026-04-22T08:56:40
CUST000149,Ishaan Bhagat,ishaan.bhagat@yahoo.in,ishaan149,Pay@9000,2025-06-08T10:54:54
CUST000150,Daniel Sridhar,daniel.sridhar@yahoo.in,daniel150,Pay@3939,2026-04-12T17:36:54
